Date,Module,Task,Status,Estd hrs,Priority
08/12/2025,project lab,project lab,In Progress,5 hrs,high
08/12/2025,Standup,Standup - task discussion,Completed,1 hr,high
08/12/2025,Hyerdragon,Ai feedback it not properly generating,Completed,2 hr,high
09/12/2025,ai agent,ai agents build for feedback,In Progress,5 hrs,high
09/12/2025,project lab,project lab ui creation,Completed,1 hr,high
09/12/2025,CSR,CSR,Completed,2 hr,high
10/12/2025,ai agent,ai agents build for feedback,In Progress,5 hrs,high
10/12/2025,project lab,frontend and terminal creation,Completed,2 hr,high
10/12/2025,Hyerdragon,gemini api key checking,Completed,1 hr,high
11/12/2025,project lab,Support tracking system - ticket creation feature,In Progress,3 hrs,high
11/12/2025,project lab,Support tracking system - admin dashboard implementation,In Progress,4 hrs,high
11/12/2025,project lab,Support tracking system - priority and status management,Completed,2 hrs,high
11/12/2025,project lab,Support tracking system - category filtering,Completed,1 hr,medium
12/12/2025,project lab,Agent flow system - sequential file processing,Completed,3 hrs,high
12/12/2025,project lab,Agent flow system - all file types support,Completed,2 hrs,high
12/12/2025,project lab,Agent flow system - token limit handling with delays,Completed,2 hrs,high
12/12/2025,project lab,Agent flow system - response structure transformation,Completed,1 hr,high
12/12/2025,project lab,Support tracking - TypeScript type fixes,Completed,1 hr,medium
13/12/2025,project lab,Agent flow - duplicate processing fix,Completed,1 hr,high
13/12/2025,project lab,Agent flow - file detection and response format fixes,Completed,2 hrs,high
13/12/2025,project lab,Testing and validation of complete agent flow,In Progress,3 hrs,high
13/12/2025,project lab,Documentation - agent improvements guide,Completed,1 hr,medium
14/12/2025,project lab,Final testing - support tracking system,Pending,2 hrs,high
14/12/2025,project lab,Final testing - agent flow with all file types,Pending,2 hrs,high
14/12/2025,project lab,Code review and optimization,Pending,2 hrs,medium
14/12/2025,project lab,Performance testing - agent flow response times,Pending,1 hr,medium


